position,sample,unix_ms,panel_open,pig_screen_x_dip,pig_screen_y_dip
top-left,0,1791093529276,true,22,48
top-left,1,1791093529278,true,22,48
top-left,2,1791093529294,true,22,48
top-left,3,1791093529310,true,22,48
top-left,4,1791093529327,true,22,48
top-left,5,1791093529342,true,22,48
top-left,6,1791093529359,true,22,48
top-left,7,1791093529375,true,22,48
top-left,8,1791093529391,true,22,48
top-left,9,1791093529407,true,22,48
top-left,10,1791093529423,true,22,48
top-left,11,1791093529439,true,22,48
top-left,12,1791093529456,true,22,48
top-left,13,1791093529471,true,22,48
top-left,14,1791093529487,true,22,48
top-left,15,1791093529503,true,22,48
top-left,16,1791093529518,false,22,48
top-left,17,1791093529535,false,22,48
top-left,18,1791093529551,false,22,48
top-left,19,1791093529567,false,22,48
top-left,20,1791093529583,false,22,48
top-left,21,1791093529598,false,22,48
top-left,22,1791093529615,false,22,48
top-left,23,1791093529632,false,22,48
top-left,24,1791093529646,false,22,48
top-left,25,1791093529663,false,22,48
top-left,26,1791093529678,false,22,48
top-left,27,1791093529695,false,22,48
top-left,28,1791093529710,false,22,48
top-left,29,1791093529726,false,22,48
top-left,30,1791093529742,false,22,48
top-left,31,1791093529776,true,22,48
top-left,32,1791093529790,true,22,48
top-left,33,1791093529813,true,22,48
top-left,34,1791093529823,true,22,48
top-left,35,1791093529839,true,22,48
top-left,36,1791093529855,true,22,48
top-left,37,1791093529871,true,22,48
top-left,38,1791093529887,true,22,48
top-left,39,1791093529903,true,22,48
top-left,40,1791093529919,true,22,48
top-left,41,1791093529935,true,22,48
top-left,42,1791093529951,true,22,48
top-left,43,1791093529967,true,22,48
top-left,44,1791093529983,true,22,48
top-left,45,1791093529999,true,22,48
top-left,46,1791093530014,true,22,48
top-left,47,1791093530030,false,22,48
top-left,48,1791093530047,false,22,48
top-left,49,1791093530063,false,22,48
top-left,50,1791093530079,false,22,48
top-left,51,1791093530095,false,22,48
top-left,52,1791093530111,false,22,48
top-left,53,1791093530127,false,22,48
top-left,54,1791093530143,false,22,48
top-left,55,1791093530159,false,22,48
top-left,56,1791093530175,false,22,48
top-left,57,1791093530191,false,22,48
top-left,58,1791093530207,false,22,48
top-left,59,1791093530223,false,22,48
top-left,60,1791093530239,false,22,48
top-left,61,1791093530254,false,22,48
top-left,62,1791093530272,true,22,48
top-left,63,1791093530287,true,22,48
top-left,64,1791093530303,true,22,48
top-left,65,1791093530319,true,22,48
top-left,66,1791093530335,true,22,48
top-left,67,1791093530350,true,22,48
top-left,68,1791093530367,true,22,48
top-left,69,1791093530383,true,22,48
top-left,70,1791093530399,true,22,48
top-left,71,1791093530415,true,22,48
top-left,72,1791093530431,true,22,48
top-left,73,1791093530446,true,22,48
top-left,74,1791093530463,true,22,48
top-left,75,1791093530478,true,22,48
top-left,76,1791093530495,true,22,48
top-left,77,1791093530511,true,22,48
top-left,78,1791093530526,false,22,48
top-left,79,1791093530543,false,22,48
top-left,80,1791093530559,false,22,48
top-left,81,1791093530575,false,22,48
top-left,82,1791093530591,false,22,48
top-left,83,1791093530607,false,22,48
top-left,84,1791093530623,false,22,48
top-left,85,1791093530639,false,22,48
top-left,86,1791093530655,false,22,48
top-left,87,1791093530670,false,22,48
top-left,88,1791093530686,false,22,48
top-left,89,1791093530702,false,22,48
top-left,90,1791093530719,false,22,48
top-left,91,1791093530734,false,22,48
top-left,92,1791093530751,false,22,48
top-left,93,1791093530769,true,22,48
top-left,94,1791093530783,true,22,48
top-left,95,1791093530799,true,22,48
top-left,96,1791093530815,true,22,48
top-left,97,1791093530831,true,22,48
top-left,98,1791093530847,true,22,48
top-left,99,1791093530863,true,22,48
top-left,100,1791093530878,true,22,48
top-left,101,1791093530894,true,22,48
top-left,102,1791093530910,true,22,48
top-left,103,1791093530927,true,22,48
top-left,104,1791093530943,true,22,48
top-left,105,1791093530959,true,22,48
top-left,106,1791093530975,true,22,48
top-left,107,1791093530991,true,22,48
top-left,108,1791093531007,true,22,48
top-left,109,1791093531023,false,22,48
top-left,110,1791093531039,false,22,48
top-left,111,1791093531054,false,22,48
top-left,112,1791093531071,false,22,48
top-left,113,1791093531087,false,22,48
top-left,114,1791093531103,false,22,48
top-left,115,1791093531119,false,22,48
top-left,116,1791093531135,false,22,48
top-left,117,1791093531151,false,22,48
top-left,118,1791093531166,false,22,48
top-left,119,1791093531182,false,22,48
top-left,120,1791093531198,false,22,48
top-left,121,1791093531215,false,22,48
top-left,122,1791093531230,false,22,48
top-left,123,1791093531247,false,22,48
top-left,124,1791093531268,true,22,48
top-left,125,1791093531279,true,22,48
top-left,126,1791093531295,true,22,48
top-left,127,1791093531311,true,22,48
top-left,128,1791093531327,true,22,48
top-left,129,1791093531343,true,22,48
top-left,130,1791093531358,true,22,48
top-left,131,1791093531374,true,22,48
top-left,132,1791093531391,true,22,48
top-left,133,1791093531407,true,22,48
top-left,134,1791093531422,true,22,48
top-left,135,1791093531439,true,22,48
top-left,136,1791093531454,true,22,48
top-left,137,1791093531471,true,22,48
top-left,138,1791093531487,true,22,48
top-left,139,1791093531503,true,22,48
top-left,140,1791093531519,false,22,48
top-left,141,1791093531535,false,22,48
top-left,142,1791093531551,false,22,48
top-left,143,1791093531567,false,22,48
top-left,144,1791093531583,false,22,48
top-left,145,1791093531599,false,22,48
top-left,146,1791093531615,false,22,48
top-left,147,1791093531631,false,22,48
top-left,148,1791093531647,false,22,48
top-left,149,1791093531662,false,22,48
top-left,150,1791093531678,false,22,48
top-left,151,1791093531694,false,22,48
top-left,152,1791093531711,false,22,48
top-left,153,1791093531727,false,22,48
top-left,154,1791093531743,false,22,48
top-left,155,1791093531765,true,22,48
top-left,156,1791093531775,true,22,48
top-left,157,1791093531791,true,22,48
top-left,158,1791093531807,true,22,48
top-left,159,1791093531823,true,22,48
top-left,160,1791093531838,true,22,48
top-left,161,1791093531855,true,22,48
top-left,162,1791093531870,true,22,48
top-left,163,1791093531886,true,22,48
top-left,164,1791093531903,true,22,48
top-left,165,1791093531919,true,22,48
top-left,166,1791093531935,true,22,48
top-left,167,1791093531951,true,22,48
top-left,168,1791093531967,true,22,48
top-left,169,1791093531983,true,22,48
top-left,170,1791093531999,true,22,48
top-left,171,1791093532015,false,22,48
top-left,172,1791093532031,false,22,48
top-left,173,1791093532046,false,22,48
top-left,174,1791093532063,false,22,48
top-left,175,1791093532078,false,22,48
top-left,176,1791093532095,false,22,48
top-left,177,1791093532110,false,22,48
top-left,178,1791093532127,false,22,48
top-left,179,1791093532143,false,22,48
top-left,180,1791093532158,false,22,48
top-left,181,1791093532174,false,22,48
top-left,182,1791093532191,false,22,48
top-left,183,1791093532207,false,22,48
top-left,184,1791093532223,false,22,48
top-left,185,1791093532239,false,22,48
top-left,186,1791093532255,false,22,48
top-left,187,1791093532276,true,22,48
top-left,188,1791093532287,true,22,48
top-left,189,1791093532303,true,22,48
top-left,190,1791093532319,true,22,48
top-left,191,1791093532335,true,22,48
top-left,192,1791093532350,true,22,48
top-left,193,1791093532367,true,22,48
top-left,194,1791093532383,true,22,48
top-left,195,1791093532399,true,22,48
top-left,196,1791093532415,true,22,48
top-left,197,1791093532431,true,22,48
top-left,198,1791093532446,true,22,48
top-left,199,1791093532463,true,22,48
top-left,200,1791093532479,true,22,48
top-left,201,1791093532495,true,22,48
top-left,202,1791093532511,true,22,48
top-left,203,1791093532526,false,22,48
top-left,204,1791093532543,false,22,48
top-left,205,1791093532559,false,22,48
top-left,206,1791093532575,false,22,48
top-left,207,1791093532590,false,22,48
top-left,208,1791093532607,false,22,48
top-left,209,1791093532623,false,22,48
top-left,210,1791093532639,false,22,48
top-left,211,1791093532655,false,22,48
top-left,212,1791093532671,false,22,48
top-left,213,1791093532687,false,22,48
top-left,214,1791093532703,false,22,48
top-left,215,1791093532719,false,22,48
top-left,216,1791093532735,false,22,48
top-left,217,1791093532751,false,22,48
top-left,218,1791093532770,true,22,48
top-left,219,1791093532783,true,22,48
top-left,220,1791093532799,true,22,48
top-left,221,1791093532815,true,22,48
top-left,222,1791093532831,true,22,48
top-left,223,1791093532847,true,22,48
top-left,224,1791093532863,true,22,48
top-left,225,1791093532878,true,22,48
top-left,226,1791093532895,true,22,48
top-left,227,1791093532910,true,22,48
top-left,228,1791093532927,true,22,48
top-left,229,1791093532943,true,22,48
top-left,230,1791093532959,true,22,48
top-left,231,1791093532975,true,22,48
top-left,232,1791093532991,true,22,48
top-left,233,1791093533007,true,22,48
top-left,234,1791093533023,false,22,48
top-left,235,1791093533039,false,22,48
top-left,236,1791093533055,false,22,48
top-left,237,1791093533071,false,22,48
top-left,238,1791093533086,false,22,48
top-left,239,1791093533103,false,22,48
top-left,240,1791093533118,false,22,48
top-left,241,1791093533135,false,22,48
top-left,242,1791093533151,false,22,48
top-left,243,1791093533167,false,22,48
top-left,244,1791093533183,false,22,48
top-left,245,1791093533199,false,22,48
top-left,246,1791093533215,false,22,48
top-left,247,1791093533230,false,22,48
top-left,248,1791093533247,false,22,48
top-left,249,1791093533269,true,22,48
top-left,250,1791093533279,true,22,48
top-left,251,1791093533295,true,22,48
top-left,252,1791093533311,true,22,48
top-left,253,1791093533327,true,22,48
top-left,254,1791093533342,true,22,48
top-left,255,1791093533359,true,22,48
top-left,256,1791093533374,true,22,48
top-left,257,1791093533390,true,22,48
top-left,258,1791093533407,true,22,48
top-left,259,1791093533422,true,22,48
top-left,260,1791093533439,true,22,48
top-left,261,1791093533455,true,22,48
top-left,262,1791093533471,true,22,48
top-left,263,1791093533487,true,22,48
top-left,264,1791093533503,true,22,48
top-left,265,1791093533518,false,22,48
top-left,266,1791093533535,false,22,48
top-left,267,1791093533551,false,22,48
top-left,268,1791093533567,false,22,48
top-left,269,1791093533582,false,22,48
top-left,270,1791093533599,false,22,48
top-left,271,1791093533614,false,22,48
top-left,272,1791093533631,false,22,48
top-left,273,1791093533647,false,22,48
top-left,274,1791093533662,false,22,48
top-left,275,1791093533678,false,22,48
top-left,276,1791093533694,false,22,48
top-left,277,1791093533711,false,22,48
top-left,278,1791093533726,false,22,48
top-left,279,1791093533743,false,22,48
top-left,280,1791093533767,true,22,48
top-left,281,1791093533774,true,22,48
top-left,282,1791093533791,true,22,48
top-left,283,1791093533810,true,22,48
top-left,284,1791093533822,true,22,48
top-left,285,1791093533839,true,22,48
top-left,286,1791093533855,true,22,48
top-left,287,1791093533870,true,22,48
top-left,288,1791093533886,true,22,48
top-left,289,1791093533902,true,22,48
top-left,290,1791093533919,true,22,48
top-left,291,1791093533935,true,22,48
top-left,292,1791093533951,true,22,48
top-left,293,1791093533967,true,22,48
top-left,294,1791093533983,true,22,48
top-left,295,1791093533999,true,22,48
top-left,296,1791093534015,false,22,48
top-left,297,1791093534031,false,22,48
top-left,298,1791093534047,false,22,48
top-left,299,1791093534063,false,22,48
top-left,300,1791093534079,false,22,48
top-left,301,1791093534095,false,22,48
top-left,302,1791093534111,false,22,48
top-left,303,1791093534127,false,22,48
top-left,304,1791093534143,false,22,48
top-left,305,1791093534159,false,22,48
top-left,306,1791093534175,false,22,48
top-left,307,1791093534191,false,22,48
top-left,308,1791093534207,false,22,48
top-left,309,1791093534223,false,22,48
top-left,310,1791093534239,false,22,48
top-left,311,1791093534255,false,22,48
top-right,0,1791093538235,true,1809,48
top-right,1,1791093538242,true,1809,48
top-right,2,1791093538258,true,1809,48
top-right,3,1791093538274,true,1809,48
top-right,4,1791093538290,true,1809,48
top-right,5,1791093538306,true,1809,48
top-right,6,1791093538322,true,1809,48
top-right,7,1791093538339,true,1809,48
top-right,8,1791093538354,true,1809,48
top-right,9,1791093538370,true,1809,48
top-right,10,1791093538386,true,1809,48
top-right,11,1791093538402,true,1809,48
top-right,12,1791093538421,true,1809,48
top-right,13,1791093538435,true,1809,48
top-right,14,1791093538450,true,1809,48
top-right,15,1791093538467,true,1809,48
top-right,16,1791093539466,false,1809,48
top-right,17,1791093539488,true,1809,48
top-right,18,1791093539491,true,1809,48
top-right,19,1791093539506,true,1809,48
top-right,20,1791093539522,true,1809,48
top-right,21,1791093539538,true,1809,48
top-right,22,1791093539554,true,1809,48
top-right,23,1791093539570,true,1809,48
top-right,24,1791093539586,true,1809,48
top-right,25,1791093539602,true,1809,48
top-right,26,1791093539620,true,1809,48
top-right,27,1791093539634,true,1809,48
top-right,28,1791093539650,true,1809,48
top-right,29,1791093539666,true,1809,48
top-right,30,1791093539682,true,1809,48
top-right,31,1791093539698,true,1809,48
top-right,32,1791093539714,true,1809,48
top-right,33,1791093539730,true,1809,48
top-right,34,1791093540467,false,1809,48
top-right,35,1791093540482,true,1809,48
top-right,36,1791093540498,true,1809,48
top-right,37,1791093540514,true,1809,48
top-right,38,1791093540530,true,1809,48
top-right,39,1791093540547,true,1809,48
top-right,40,1791093540562,true,1809,48
top-right,41,1791093540578,true,1809,48
top-right,42,1791093540594,true,1809,48
top-right,43,1791093540610,true,1809,48
top-right,44,1791093540626,true,1809,48
top-right,45,1791093540642,true,1809,48
top-right,46,1791093540658,true,1809,48
top-right,47,1791093540675,true,1809,48
top-right,48,1791093540690,true,1809,48
top-right,49,1791093540706,true,1809,48
top-right,50,1791093540722,true,1809,48
top-right,51,1791093541466,false,1809,48
top-right,52,1791093541479,true,1809,48
top-right,53,1791093541490,true,1809,48
top-right,54,1791093541506,true,1809,48
top-right,55,1791093541522,true,1809,48
top-right,56,1791093541538,true,1809,48
top-right,57,1791093541554,true,1809,48
top-right,58,1791093541570,true,1809,48
top-right,59,1791093541586,true,1809,48
top-right,60,1791093541602,true,1809,48
top-right,61,1791093541618,true,1809,48
top-right,62,1791093541634,true,1809,48
top-right,63,1791093541650,true,1809,48
top-right,64,1791093541666,true,1809,48
top-right,65,1791093541683,true,1809,48
top-right,66,1791093541698,true,1809,48
top-right,67,1791093541715,true,1809,48
top-right,68,1791093542466,false,1809,48
top-right,69,1791093542488,true,1809,48
top-right,70,1791093542498,true,1809,48
top-right,71,1791093542514,true,1809,48
top-right,72,1791093542530,true,1809,48
top-right,73,1791093542546,true,1809,48
top-right,74,1791093542562,true,1809,48
top-right,75,1791093542578,true,1809,48
top-right,76,1791093542594,true,1809,48
top-right,77,1791093542612,true,1809,48
top-right,78,1791093542626,true,1809,48
top-right,79,1791093542642,true,1809,48
top-right,80,1791093542659,true,1809,48
top-right,81,1791093542674,true,1809,48
top-right,82,1791093542690,true,1809,48
top-right,83,1791093542707,true,1809,48
top-right,84,1791093542722,true,1809,48
top-right,85,1791093542741,false,1809,48
top-right,86,1791093543466,false,1809,48
top-right,87,1791093543484,true,1809,48
top-right,88,1791093543490,true,1809,48
top-right,89,1791093543506,true,1809,48
top-right,90,1791093543522,true,1809,48
top-right,91,1791093543538,true,1809,48
top-right,92,1791093543554,true,1809,48
top-right,93,1791093543570,true,1809,48
top-right,94,1791093543586,true,1809,48
top-right,95,1791093543602,true,1809,48
top-right,96,1791093543619,true,1809,48
top-right,97,1791093543634,true,1809,48
top-right,98,1791093543651,true,1809,48
top-right,99,1791093543666,true,1809,48
top-right,100,1791093543683,true,1809,48
top-right,101,1791093543699,true,1809,48
top-right,102,1791093543714,true,1809,48
top-right,103,1791093544466,false,1809,48
top-right,104,1791093544490,true,1809,48
top-right,105,1791093544498,true,1809,48
top-right,106,1791093544515,true,1809,48
top-right,107,1791093544530,true,1809,48
top-right,108,1791093544546,true,1809,48
top-right,109,1791093544562,true,1809,48
top-right,110,1791093544578,true,1809,48
top-right,111,1791093544594,true,1809,48
top-right,112,1791093544610,true,1809,48
top-right,113,1791093544626,true,1809,48
top-right,114,1791093544642,true,1809,48
top-right,115,1791093544661,true,1809,48
top-right,116,1791093544674,true,1809,48
top-right,117,1791093544690,true,1809,48
top-right,118,1791093544706,true,1809,48
top-right,119,1791093544722,true,1809,48
top-right,120,1791093545466,false,1809,48
top-right,121,1791093545478,true,1809,48
top-right,122,1791093545490,true,1809,48
top-right,123,1791093545506,true,1809,48
top-right,124,1791093545522,true,1809,48
top-right,125,1791093545539,true,1809,48
top-right,126,1791093545554,true,1809,48
top-right,127,1791093545570,true,1809,48
top-right,128,1791093545586,true,1809,48
top-right,129,1791093545602,true,1809,48
top-right,130,1791093545618,true,1809,48
top-right,131,1791093545634,true,1809,48
top-right,132,1791093545650,true,1809,48
top-right,133,1791093545666,true,1809,48
top-right,134,1791093545682,true,1809,48
top-right,135,1791093545698,true,1809,48
top-right,136,1791093545714,true,1809,48
top-right,137,1791093546466,false,1809,48
top-right,138,1791093546482,true,1809,48
top-right,139,1791093546498,true,1809,48
top-right,140,1791093546515,true,1809,48
top-right,141,1791093546530,true,1809,48
top-right,142,1791093546546,true,1809,48
top-right,143,1791093546562,true,1809,48
top-right,144,1791093546578,true,1809,48
top-right,145,1791093546594,true,1809,48
top-right,146,1791093546610,true,1809,48
top-right,147,1791093546626,true,1809,48
top-right,148,1791093546643,true,1809,48
top-right,149,1791093546658,true,1809,48
top-right,150,1791093546674,true,1809,48
top-right,151,1791093546690,true,1809,48
top-right,152,1791093546707,true,1809,48
top-right,153,1791093547467,false,1809,48
top-right,154,1791093547490,true,1809,48
top-right,155,1791093547506,true,1809,48
top-right,156,1791093547522,true,1809,48
top-right,157,1791093547538,true,1809,48
top-right,158,1791093547554,true,1809,48
top-right,159,1791093547570,true,1809,48
top-right,160,1791093547586,true,1809,48
top-right,161,1791093547603,true,1809,48
top-right,162,1791093547618,true,1809,48
top-right,163,1791093547635,true,1809,48
top-right,164,1791093547650,true,1809,48
top-right,165,1791093547667,true,1809,48
top-right,166,1791093547682,true,1809,48
top-right,167,1791093547699,true,1809,48
top-right,168,1791093547714,true,1809,48
top-right,169,1791093547731,true,1809,48
top-right,170,1791093548467,false,1809,48
bottom-left,0,1791093552460,true,22,927
bottom-left,1,1791093552467,true,22,927
bottom-left,2,1791093552483,true,22,927
bottom-left,3,1791093552499,true,22,927
bottom-left,4,1791093552515,true,22,927
bottom-left,5,1791093552531,true,22,927
bottom-left,6,1791093552547,true,22,927
bottom-left,7,1791093552563,true,22,927
bottom-left,8,1791093552579,true,22,927
bottom-left,9,1791093552595,true,22,927
bottom-left,10,1791093552611,true,22,927
bottom-left,11,1791093552627,true,22,927
bottom-left,12,1791093552643,true,22,927
bottom-left,13,1791093552661,true,22,927
bottom-left,14,1791093552675,true,22,927
bottom-left,15,1791093552691,true,22,927
bottom-left,16,1791093553466,false,22,927
bottom-left,17,1791093553487,true,22,927
bottom-left,18,1791093553492,true,22,927
bottom-left,19,1791093553507,true,22,927
bottom-left,20,1791093553523,true,22,927
bottom-left,21,1791093553539,true,22,927
bottom-left,22,1791093553555,true,22,927
bottom-left,23,1791093553571,true,22,927
bottom-left,24,1791093553587,true,22,927
bottom-left,25,1791093553603,true,22,927
bottom-left,26,1791093553622,true,22,927
bottom-left,27,1791093553635,true,22,927
bottom-left,28,1791093553651,true,22,927
bottom-left,29,1791093553667,true,22,927
bottom-left,30,1791093553683,true,22,927
bottom-left,31,1791093553699,true,22,927
bottom-left,32,1791093553715,true,22,927
bottom-left,33,1791093553731,true,22,927
bottom-left,34,1791093554466,false,22,927
bottom-left,35,1791093554486,true,22,927
bottom-left,36,1791093554499,true,22,927
bottom-left,37,1791093554515,true,22,927
bottom-left,38,1791093554531,true,22,927
bottom-left,39,1791093554547,true,22,927
bottom-left,40,1791093554563,true,22,927
bottom-left,41,1791093554579,true,22,927
bottom-left,42,1791093554595,true,22,927
bottom-left,43,1791093554616,true,22,927
bottom-left,44,1791093554627,true,22,927
bottom-left,45,1791093554643,true,22,927
bottom-left,46,1791093554659,true,22,927
bottom-left,47,1791093554675,true,22,927
bottom-left,48,1791093554691,true,22,927
bottom-left,49,1791093554707,true,22,927
bottom-left,50,1791093554723,true,22,927
bottom-left,51,1791093555466,false,22,927
bottom-left,52,1791093555481,true,22,927
bottom-left,53,1791093555491,true,22,927
bottom-left,54,1791093555507,true,22,927
bottom-left,55,1791093555523,true,22,927
bottom-left,56,1791093555539,true,22,927
bottom-left,57,1791093555555,true,22,927
bottom-left,58,1791093555571,true,22,927
bottom-left,59,1791093555587,true,22,927
bottom-left,60,1791093555603,true,22,927
bottom-left,61,1791093555619,true,22,927
bottom-left,62,1791093555635,true,22,927
bottom-left,63,1791093555651,true,22,927
bottom-left,64,1791093555667,true,22,927
bottom-left,65,1791093555683,true,22,927
bottom-left,66,1791093555699,true,22,927
bottom-left,67,1791093555715,true,22,927
bottom-left,68,1791093556466,false,22,927
bottom-left,69,1791093556493,true,22,927
bottom-left,70,1791093556499,true,22,927
bottom-left,71,1791093556515,true,22,927
bottom-left,72,1791093556531,true,22,927
bottom-left,73,1791093556547,true,22,927
bottom-left,74,1791093556563,true,22,927
bottom-left,75,1791093556579,true,22,927
bottom-left,76,1791093556595,true,22,927
bottom-left,77,1791093556611,true,22,927
bottom-left,78,1791093556627,true,22,927
bottom-left,79,1791093556643,true,22,927
bottom-left,80,1791093556659,true,22,927
bottom-left,81,1791093556675,true,22,927
bottom-left,82,1791093556691,true,22,927
bottom-left,83,1791093556707,true,22,927
bottom-left,84,1791093556723,true,22,927
bottom-left,85,1791093556739,true,22,927
bottom-left,86,1791093557466,false,22,927
bottom-left,87,1791093557478,true,22,927
bottom-left,88,1791093557491,true,22,927
bottom-left,89,1791093557507,true,22,927
bottom-left,90,1791093557523,true,22,927
bottom-left,91,1791093557539,true,22,927
bottom-left,92,1791093557555,true,22,927
bottom-left,93,1791093557571,true,22,927
bottom-left,94,1791093557587,true,22,927
bottom-left,95,1791093557603,true,22,927
bottom-left,96,1791093557619,true,22,927
bottom-left,97,1791093557635,true,22,927
bottom-left,98,1791093557651,true,22,927
bottom-left,99,1791093557667,true,22,927
bottom-left,100,1791093557683,true,22,927
bottom-left,101,1791093557699,true,22,927
bottom-left,102,1791093557715,true,22,927
bottom-left,103,1791093558466,false,22,927
bottom-left,104,1791093558490,true,22,927
bottom-left,105,1791093558499,true,22,927
bottom-left,106,1791093558515,true,22,927
bottom-left,107,1791093558531,true,22,927
bottom-left,108,1791093558547,true,22,927
bottom-left,109,1791093558563,true,22,927
bottom-left,110,1791093558579,true,22,927
bottom-left,111,1791093558595,true,22,927
bottom-left,112,1791093558611,true,22,927
bottom-left,113,1791093558627,true,22,927
bottom-left,114,1791093558643,true,22,927
bottom-left,115,1791093558659,true,22,927
bottom-left,116,1791093558675,true,22,927
bottom-left,117,1791093558691,true,22,927
bottom-left,118,1791093558707,true,22,927
bottom-left,119,1791093558723,true,22,927
bottom-left,120,1791093558739,false,22,927
bottom-left,121,1791093558755,false,22,927
bottom-left,122,1791093558771,false,22,927
bottom-left,123,1791093558787,false,22,927
bottom-left,124,1791093558803,false,22,927
bottom-left,125,1791093558819,false,22,927
bottom-left,126,1791093558835,false,22,927
bottom-left,127,1791093558851,false,22,927
bottom-left,128,1791093558867,false,22,927
bottom-left,129,1791093558883,false,22,927
bottom-left,130,1791093558899,false,22,927
bottom-left,131,1791093558915,false,22,927
bottom-left,132,1791093558931,false,22,927
bottom-left,133,1791093558947,false,22,927
bottom-left,134,1791093558963,false,22,927
bottom-left,135,1791093558984,true,22,927
bottom-left,136,1791093558995,true,22,927
bottom-left,137,1791093559011,true,22,927
bottom-left,138,1791093559027,true,22,927
bottom-left,139,1791093559043,true,22,927
bottom-left,140,1791093559059,true,22,927
bottom-left,141,1791093559075,true,22,927
bottom-left,142,1791093559091,true,22,927
bottom-left,143,1791093559107,true,22,927
bottom-left,144,1791093559123,true,22,927
bottom-left,145,1791093559139,true,22,927
bottom-left,146,1791093559155,true,22,927
bottom-left,147,1791093559171,true,22,927
bottom-left,148,1791093559187,true,22,927
bottom-left,149,1791093559203,true,22,927
bottom-left,150,1791093559219,true,22,927
bottom-left,151,1791093559467,false,22,927
bottom-left,152,1791093559486,true,22,927
bottom-left,153,1791093559491,true,22,927
bottom-left,154,1791093559507,true,22,927
bottom-left,155,1791093559523,true,22,927
bottom-left,156,1791093559539,true,22,927
bottom-left,157,1791093559555,true,22,927
bottom-left,158,1791093559571,true,22,927
bottom-left,159,1791093559587,true,22,927
bottom-left,160,1791093559603,true,22,927
bottom-left,161,1791093559619,true,22,927
bottom-left,162,1791093559635,true,22,927
bottom-left,163,1791093559651,true,22,927
bottom-left,164,1791093559667,true,22,927
bottom-left,165,1791093559683,true,22,927
bottom-left,166,1791093559699,true,22,927
bottom-left,167,1791093559715,true,22,927
bottom-left,168,1791093560467,false,22,927
bottom-left,169,1791093560490,true,22,927
bottom-left,170,1791093560499,true,22,927
bottom-left,171,1791093560515,true,22,927
bottom-left,172,1791093560531,true,22,927
bottom-left,173,1791093560547,true,22,927
bottom-left,174,1791093560563,true,22,927
bottom-left,175,1791093560579,true,22,927
bottom-left,176,1791093560595,true,22,927
bottom-left,177,1791093560611,true,22,927
bottom-left,178,1791093560627,true,22,927
bottom-left,179,1791093560643,true,22,927
bottom-left,180,1791093560659,true,22,927
bottom-left,181,1791093560675,true,22,927
bottom-left,182,1791093560691,true,22,927
bottom-left,183,1791093560707,true,22,927
bottom-left,184,1791093560723,true,22,927
bottom-left,185,1791093561466,false,22,927
bottom-right,0,1791093565467,true,1809,920
bottom-right,1,1791093565480,true,1809,920
bottom-right,2,1791093565496,true,1809,920
bottom-right,3,1791093565512,true,1809,920
bottom-right,4,1791093565528,true,1809,920
bottom-right,5,1791093565544,true,1809,920
bottom-right,6,1791093565560,true,1809,920
bottom-right,7,1791093565577,true,1809,920
bottom-right,8,1791093565592,true,1809,920
bottom-right,9,1791093565608,true,1809,920
bottom-right,10,1791093565624,true,1809,920
bottom-right,11,1791093565640,true,1809,920
bottom-right,12,1791093565656,true,1809,920
bottom-right,13,1791093565672,true,1809,920
bottom-right,14,1791093565689,true,1809,920
bottom-right,15,1791093565704,true,1809,920
bottom-right,16,1791093566466,false,1809,920
bottom-right,17,1791093566499,true,1809,920
bottom-right,18,1791093566507,true,1809,920
bottom-right,19,1791093566520,true,1809,920
bottom-right,20,1791093566542,true,1809,920
bottom-right,21,1791093566552,true,1809,920
bottom-right,22,1791093566568,true,1809,920
bottom-right,23,1791093566584,true,1809,920
bottom-right,24,1791093566600,true,1809,920
bottom-right,25,1791093566616,true,1809,920
bottom-right,26,1791093566633,true,1809,920
bottom-right,27,1791093566649,true,1809,920
bottom-right,28,1791093566664,true,1809,920
bottom-right,29,1791093566680,true,1809,920
bottom-right,30,1791093566696,true,1809,920
bottom-right,31,1791093566712,true,1809,920
bottom-right,32,1791093566728,true,1809,920
bottom-right,33,1791093567467,false,1809,920
bottom-right,34,1791093567494,true,1809,920
bottom-right,35,1791093567496,true,1809,920
bottom-right,36,1791093567512,true,1809,920
bottom-right,37,1791093567528,true,1809,920
bottom-right,38,1791093567544,true,1809,920
bottom-right,39,1791093567560,true,1809,920
bottom-right,40,1791093567577,true,1809,920
bottom-right,41,1791093567593,true,1809,920
bottom-right,42,1791093567608,true,1809,920
bottom-right,43,1791093567624,true,1809,920
bottom-right,44,1791093567640,true,1809,920
bottom-right,45,1791093567656,true,1809,920
bottom-right,46,1791093567672,true,1809,920
bottom-right,47,1791093567688,true,1809,920
bottom-right,48,1791093567704,true,1809,920
bottom-right,49,1791093567720,true,1809,920
bottom-right,50,1791093568466,false,1809,920
bottom-right,51,1791093568495,true,1809,920
bottom-right,52,1791093568504,true,1809,920
bottom-right,53,1791093568520,true,1809,920
bottom-right,54,1791093568539,true,1809,920
bottom-right,55,1791093568552,true,1809,920
bottom-right,56,1791093568568,true,1809,920
bottom-right,57,1791093568584,true,1809,920
bottom-right,58,1791093568600,true,1809,920
bottom-right,59,1791093568619,true,1809,920
bottom-right,60,1791093568632,true,1809,920
bottom-right,61,1791093568648,true,1809,920
bottom-right,62,1791093568664,true,1809,920
bottom-right,63,1791093568680,true,1809,920
bottom-right,64,1791093568696,true,1809,920
bottom-right,65,1791093568712,true,1809,920
bottom-right,66,1791093568728,true,1809,920
bottom-right,67,1791093569467,false,1809,920
bottom-right,68,1791093569487,true,1809,920
bottom-right,69,1791093569496,true,1809,920
bottom-right,70,1791093569512,true,1809,920
bottom-right,71,1791093569528,true,1809,920
bottom-right,72,1791093569544,true,1809,920
bottom-right,73,1791093569560,true,1809,920
bottom-right,74,1791093569577,true,1809,920
bottom-right,75,1791093569592,true,1809,920
bottom-right,76,1791093569617,true,1809,920
bottom-right,77,1791093569624,true,1809,920
bottom-right,78,1791093569640,true,1809,920
bottom-right,79,1791093569657,true,1809,920
bottom-right,80,1791093569673,true,1809,920
bottom-right,81,1791093569688,true,1809,920
bottom-right,82,1791093569704,true,1809,920
bottom-right,83,1791093569720,true,1809,920
bottom-right,84,1791093570466,false,1809,920
bottom-right,85,1791093570481,true,1809,920
bottom-right,86,1791093570488,true,1809,920
bottom-right,87,1791093570504,true,1809,920
bottom-right,88,1791093570520,true,1809,920
bottom-right,89,1791093570536,true,1809,920
bottom-right,90,1791093570552,true,1809,920
bottom-right,91,1791093570568,true,1809,920
bottom-right,92,1791093570584,true,1809,920
bottom-right,93,1791093570600,true,1809,920
bottom-right,94,1791093570617,true,1809,920
bottom-right,95,1791093570632,true,1809,920
bottom-right,96,1791093570648,true,1809,920
bottom-right,97,1791093570664,true,1809,920
bottom-right,98,1791093570680,true,1809,920
bottom-right,99,1791093570696,true,1809,920
bottom-right,100,1791093570712,true,1809,920
bottom-right,101,1791093570728,true,1809,920
bottom-right,102,1791093571466,false,1809,920
bottom-right,103,1791093571480,true,1809,920
bottom-right,104,1791093571496,true,1809,920
bottom-right,105,1791093571512,true,1809,920
bottom-right,106,1791093571528,true,1809,920
bottom-right,107,1791093571544,true,1809,920
bottom-right,108,1791093571560,true,1809,920
bottom-right,109,1791093571576,true,1809,920
bottom-right,110,1791093571592,true,1809,920
bottom-right,111,1791093571608,true,1809,920
bottom-right,112,1791093571624,true,1809,920
bottom-right,113,1791093571640,true,1809,920
bottom-right,114,1791093571656,true,1809,920
bottom-right,115,1791093571672,true,1809,920
bottom-right,116,1791093571688,true,1809,920
bottom-right,117,1791093571704,true,1809,920
bottom-right,118,1791093571721,true,1809,920
bottom-right,119,1791093572467,false,1809,920
bottom-right,120,1791093572482,true,1809,920
bottom-right,121,1791093572489,true,1809,920
bottom-right,122,1791093572504,true,1809,920
bottom-right,123,1791093572521,true,1809,920
bottom-right,124,1791093572536,true,1809,920
bottom-right,125,1791093572552,true,1809,920
bottom-right,126,1791093572568,true,1809,920
bottom-right,127,1791093572584,true,1809,920
bottom-right,128,1791093572600,true,1809,920
bottom-right,129,1791093572616,true,1809,920
bottom-right,130,1791093572632,true,1809,920
bottom-right,131,1791093572648,true,1809,920
bottom-right,132,1791093572665,true,1809,920
bottom-right,133,1791093572680,true,1809,920
bottom-right,134,1791093572696,true,1809,920
bottom-right,135,1791093572712,true,1809,920
bottom-right,136,1791093572729,true,1809,920
bottom-right,137,1791093573467,false,1809,920
bottom-right,138,1791093573483,true,1809,920
bottom-right,139,1791093573496,true,1809,920
bottom-right,140,1791093573512,true,1809,920
bottom-right,141,1791093573528,true,1809,920
bottom-right,142,1791093573545,true,1809,920
bottom-right,143,1791093573560,true,1809,920
bottom-right,144,1791093573576,true,1809,920
bottom-right,145,1791093573592,true,1809,920
bottom-right,146,1791093573608,true,1809,920
bottom-right,147,1791093573624,true,1809,920
bottom-right,148,1791093573640,true,1809,920
bottom-right,149,1791093573656,true,1809,920
bottom-right,150,1791093573672,true,1809,920
bottom-right,151,1791093573688,true,1809,920
bottom-right,152,1791093573704,true,1809,920
bottom-right,153,1791093573720,true,1809,920
bottom-right,154,1791093574466,false,1809,920
bottom-right,155,1791093574483,true,1809,920
bottom-right,156,1791093574490,true,1809,920
bottom-right,157,1791093574504,true,1809,920
bottom-right,158,1791093574520,true,1809,920
bottom-right,159,1791093574544,true,1809,920
bottom-right,160,1791093574552,true,1809,920
bottom-right,161,1791093574568,true,1809,920
bottom-right,162,1791093574584,true,1809,920
bottom-right,163,1791093574600,true,1809,920
bottom-right,164,1791093574616,true,1809,920
bottom-right,165,1791093574632,true,1809,920
bottom-right,166,1791093574648,true,1809,920
bottom-right,167,1791093574664,true,1809,920
bottom-right,168,1791093574681,true,1809,920
bottom-right,169,1791093574696,true,1809,920
bottom-right,170,1791093574712,true,1809,920
bottom-right,171,1791093575466,false,1809,920
center,0,1791093579452,true,933,491
center,1,1791093579461,true,933,491
center,2,1791093579477,true,933,491
center,3,1791093579493,true,933,491
center,4,1791093579509,true,933,491
center,5,1791093579525,true,933,491
center,6,1791093579541,true,933,491
center,7,1791093579557,true,933,491
center,8,1791093579573,true,933,491
center,9,1791093579589,true,933,491
center,10,1791093579613,true,933,491
center,11,1791093579621,true,933,491
center,12,1791093579637,true,933,491
center,13,1791093579653,true,933,491
center,14,1791093579669,true,933,491
center,15,1791093579685,true,933,491
center,16,1791093580466,false,933,491
center,17,1791093580483,true,933,491
center,18,1791093580485,true,933,491
center,19,1791093580501,true,933,491
center,20,1791093580517,true,933,491
center,21,1791093580533,true,933,491
center,22,1791093580549,true,933,491
center,23,1791093580565,true,933,491
center,24,1791093580581,true,933,491
center,25,1791093580597,true,933,491
center,26,1791093580613,true,933,491
center,27,1791093580629,true,933,491
center,28,1791093580645,true,933,491
center,29,1791093580661,true,933,491
center,30,1791093580677,true,933,491
center,31,1791093580693,true,933,491
center,32,1791093580709,true,933,491
center,33,1791093580725,true,933,491
center,34,1791093581466,false,933,491
center,35,1791093581482,true,933,491
center,36,1791093581493,true,933,491
center,37,1791093581509,true,933,491
center,38,1791093581525,true,933,491
center,39,1791093581541,true,933,491
center,40,1791093581557,true,933,491
center,41,1791093581573,true,933,491
center,42,1791093581589,true,933,491
center,43,1791093581605,true,933,491
center,44,1791093581621,true,933,491
center,45,1791093581637,true,933,491
center,46,1791093581653,true,933,491
center,47,1791093581669,true,933,491
center,48,1791093581685,true,933,491
center,49,1791093581701,true,933,491
center,50,1791093581717,true,933,491
center,51,1791093582466,false,933,491
center,52,1791093582485,true,933,491
center,53,1791093582501,true,933,491
center,54,1791093582517,true,933,491
center,55,1791093582533,true,933,491
center,56,1791093582549,true,933,491
center,57,1791093582565,true,933,491
center,58,1791093582581,true,933,491
center,59,1791093582597,true,933,491
center,60,1791093582613,true,933,491
center,61,1791093582629,true,933,491
center,62,1791093582645,true,933,491
center,63,1791093582661,true,933,491
center,64,1791093582677,true,933,491
center,65,1791093582693,true,933,491
center,66,1791093582709,true,933,491
center,67,1791093582725,true,933,491
center,68,1791093583466,false,933,491
center,69,1791093583492,true,933,491
center,70,1791093583509,true,933,491
center,71,1791093583525,true,933,491
center,72,1791093583541,true,933,491
center,73,1791093583557,true,933,491
center,74,1791093583573,true,933,491
center,75,1791093583589,true,933,491
center,76,1791093583605,true,933,491
center,77,1791093583621,true,933,491
center,78,1791093583637,true,933,491
center,79,1791093583653,true,933,491
center,80,1791093583669,true,933,491
center,81,1791093583685,true,933,491
center,82,1791093583701,true,933,491
center,83,1791093583717,true,933,491
center,84,1791093583733,true,933,491
center,85,1791093584467,false,933,491
center,86,1791093584486,true,933,491
center,87,1791093584501,true,933,491
center,88,1791093584517,true,933,491
center,89,1791093584533,true,933,491
center,90,1791093584549,true,933,491
center,91,1791093584565,true,933,491
center,92,1791093584581,true,933,491
center,93,1791093584597,true,933,491
center,94,1791093584613,true,933,491
center,95,1791093584629,true,933,491
center,96,1791093584645,true,933,491
center,97,1791093584661,true,933,491
center,98,1791093584677,true,933,491
center,99,1791093584693,true,933,491
center,100,1791093584709,true,933,491
center,101,1791093584725,true,933,491
center,102,1791093585466,false,933,491
center,103,1791093585486,true,933,491
center,104,1791093585493,true,933,491
center,105,1791093585509,true,933,491
center,106,1791093585525,true,933,491
center,107,1791093585541,true,933,491
center,108,1791093585557,true,933,491
center,109,1791093585573,true,933,491
center,110,1791093585589,true,933,491
center,111,1791093585605,true,933,491
center,112,1791093585621,true,933,491
center,113,1791093585637,true,933,491
center,114,1791093585653,true,933,491
center,115,1791093585669,true,933,491
center,116,1791093585685,true,933,491
center,117,1791093585701,true,933,491
center,118,1791093585717,true,933,491
center,119,1791093586467,false,933,491
center,120,1791093586482,true,933,491
center,121,1791093586485,true,933,491
center,122,1791093586501,true,933,491
center,123,1791093586517,true,933,491
center,124,1791093586533,true,933,491
center,125,1791093586549,true,933,491
center,126,1791093586565,true,933,491
center,127,1791093586581,true,933,491
center,128,1791093586597,true,933,491
center,129,1791093586613,true,933,491
center,130,1791093586629,true,933,491
center,131,1791093586645,true,933,491
center,132,1791093586661,true,933,491
center,133,1791093586677,true,933,491
center,134,1791093586693,true,933,491
center,135,1791093586709,true,933,491
center,136,1791093586725,true,933,491
center,137,1791093587466,false,933,491
center,138,1791093587490,true,933,491
center,139,1791093587493,true,933,491
center,140,1791093587509,true,933,491
center,141,1791093587525,true,933,491
center,142,1791093587541,true,933,491
center,143,1791093587557,true,933,491
center,144,1791093587573,true,933,491
center,145,1791093587589,true,933,491
center,146,1791093587605,true,933,491
center,147,1791093587621,true,933,491
center,148,1791093587637,true,933,491
center,149,1791093587653,true,933,491
center,150,1791093587669,true,933,491
center,151,1791093587685,true,933,491
center,152,1791093587701,true,933,491
center,153,1791093587717,true,933,491
center,154,1791093587733,true,933,491
center,155,1791093588466,false,933,491
center,156,1791093588480,true,933,491
center,157,1791093588485,true,933,491
center,158,1791093588501,true,933,491
center,159,1791093588517,true,933,491
center,160,1791093588533,true,933,491
center,161,1791093588549,true,933,491
center,162,1791093588565,true,933,491
center,163,1791093588581,true,933,491
center,164,1791093588597,true,933,491
center,165,1791093588613,true,933,491
center,166,1791093588629,true,933,491
center,167,1791093588645,true,933,491
center,168,1791093588661,true,933,491
center,169,1791093588677,true,933,491
center,170,1791093588693,true,933,491
center,171,1791093588709,true,933,491
center,172,1791093588725,true,933,491
center,173,1791093589466,false,933,491
