file,category,character,action,status
assets/pigs/base/piglet/idle.png,base,piglet,idle,integrated; user reviewed
assets/pigs/skins/career-chef/idle.png,skins,career-chef,idle,integrated; user reviewed
assets/pigs/skins/skin-angel/idle.png,skins,skin-angel,idle,integrated; user reviewed
assets/pigs/forms/pig-round/idle.png,forms,pig-round,idle,integrated; user reviewed
assets/pigs/forms/pig-fat/idle.png,forms,pig-fat,idle,integrated; user reviewed
assets/pigs/forms/pig-king/idle.png,forms,pig-king,idle,integrated; user reviewed
assets/pigs/skins/skin-mint/idle.png,skins,skin-mint,idle,integrated; user reviewed
assets/pigs/forms/pig-devil/idle.png,forms,pig-devil,idle,integrated; user reviewed
assets/pigs/skins/career-astronaut/idle.png,skins,career-astronaut,idle,integrated; user reviewed
assets/pigs/skins/skin-detective/idle.png,skins,skin-detective,idle,integrated; user reviewed
assets/pigs/skins/skin-pirate/idle.png,skins,skin-pirate,idle,integrated; user reviewed
assets/pigs/skins/skin-wizard/idle.png,skins,skin-wizard,idle,integrated; user reviewed
assets/pigs/base/piglet/eat.png,base,piglet,eat,integrated; user reviewed
assets/pigs/base/piglet/play.png,base,piglet,play,integrated; user reviewed
assets/pigs/base/piglet/sleep.png,base,piglet,sleep,integrated; user reviewed
assets/pigs/skins/career-chef/eat.png,skins,career-chef,eat,integrated; user reviewed
assets/pigs/skins/career-chef/play.png,skins,career-chef,play,integrated; user reviewed
assets/pigs/skins/career-chef/sleep.png,skins,career-chef,sleep,integrated; user reviewed
assets/pigs/skins/skin-pirate/eat.png,skins,skin-pirate,eat,integrated; user reviewed
assets/pigs/skins/skin-pirate/play.png,skins,skin-pirate,play,integrated; user reviewed
assets/pigs/skins/skin-pirate/sleep.png,skins,skin-pirate,sleep,integrated; user reviewed
assets/pigs/skins/skin-wizard/eat.png,skins,skin-wizard,eat,integrated; user reviewed
assets/pigs/skins/skin-wizard/play.png,skins,skin-wizard,play,integrated; user reviewed
assets/pigs/skins/skin-wizard/sleep.png,skins,skin-wizard,sleep,integrated; user reviewed
assets/pigs/forms/pig-round/eat.png,forms,pig-round,eat,integrated; user reviewed
assets/pigs/forms/pig-round/play.png,forms,pig-round,play,integrated; user reviewed
assets/pigs/forms/pig-round/sleep.png,forms,pig-round,sleep,integrated; user reviewed
assets/pigs/forms/pig-fat/eat.png,forms,pig-fat,eat,integrated; user reviewed
assets/pigs/forms/pig-fat/play.png,forms,pig-fat,play,integrated; user reviewed
assets/pigs/forms/pig-fat/sleep.png,forms,pig-fat,sleep,integrated; user reviewed
assets/pigs/skins/skin-mint/eat.png,skins,skin-mint,eat,integrated; user reviewed
assets/pigs/skins/skin-mint/play.png,skins,skin-mint,play,integrated; user reviewed
assets/pigs/skins/skin-mint/sleep.png,skins,skin-mint,sleep,integrated; user reviewed
assets/pigs/skins/skin-detective/eat.png,skins,skin-detective,eat,integrated; user reviewed
assets/pigs/skins/skin-detective/play.png,skins,skin-detective,play,integrated; user reviewed
assets/pigs/skins/skin-detective/sleep.png,skins,skin-detective,sleep,integrated; user reviewed
assets/pigs/forms/pig-king/eat.png,forms,pig-king,eat,integrated; user reviewed
assets/pigs/forms/pig-king/sleep.png,forms,pig-king,sleep,integrated; user reviewed
assets/pigs/forms/pig-devil/eat.png,forms,pig-devil,eat,integrated; user reviewed
assets/pigs/forms/pig-devil/play.png,forms,pig-devil,play,integrated; user reviewed
assets/pigs/forms/pig-devil/sleep.png,forms,pig-devil,sleep,integrated; user reviewed
assets/pigs/skins/skin-angel/eat.png,skins,skin-angel,eat,integrated; user reviewed
assets/pigs/skins/skin-angel/play.png,skins,skin-angel,play,integrated; user reviewed
assets/pigs/skins/skin-angel/sleep.png,skins,skin-angel,sleep,integrated; user reviewed
assets/pigs/skins/career-astronaut/eat.png,skins,career-astronaut,eat,integrated; user reviewed
assets/pigs/skins/career-astronaut/play.png,skins,career-astronaut,play,integrated; user reviewed
assets/pigs/skins/career-astronaut/sleep.png,skins,career-astronaut,sleep,integrated; user reviewed
assets/pigs/forms/pig-king/play.png,forms,pig-king,play,integrated; user reviewed
assets/pigs/skins/career-chef/pet.png,skins,career-chef,pet,integrated; user reviewed
assets/pigs/skins/career-chef/relaxed.png,skins,career-chef,relaxed,integrated; user reviewed
assets/pigs/skins/skin-pirate/pet.png,skins,skin-pirate,pet,integrated; user reviewed
assets/pigs/skins/skin-pirate/relaxed.png,skins,skin-pirate,relaxed,integrated; user reviewed
assets/pigs/skins/skin-wizard/pet.png,skins,skin-wizard,pet,integrated; user reviewed
assets/pigs/skins/skin-wizard/relaxed.png,skins,skin-wizard,relaxed,integrated; user reviewed
assets/pigs/skins/career-astronaut/pet.png,skins,career-astronaut,pet,integrated; user reviewed
assets/pigs/skins/career-astronaut/relaxed.png,skins,career-astronaut,relaxed,integrated; user reviewed
assets/pigs/forms/pig-round/pet.png,forms,pig-round,pet,integrated; user reviewed
assets/pigs/forms/pig-fat/pet.png,forms,pig-fat,pet,integrated; user reviewed
assets/pigs/forms/pig-round/relaxed.png,forms,pig-round,relaxed,integrated; user reviewed
assets/pigs/forms/pig-fat/relaxed.png,forms,pig-fat,relaxed,integrated; user reviewed
assets/pigs/forms/pig-king/pet.png,forms,pig-king,pet,integrated; user reviewed
assets/pigs/forms/pig-king/relaxed.png,forms,pig-king,relaxed,integrated; user reviewed
assets/pigs/forms/pig-devil/pet.png,forms,pig-devil,pet,integrated; user reviewed
assets/pigs/forms/pig-devil/relaxed.png,forms,pig-devil,relaxed,integrated; user reviewed
assets/pigs/skins/skin-angel/pet.png,skins,skin-angel,pet,integrated; user reviewed
assets/pigs/skins/skin-angel/relaxed.png,skins,skin-angel,relaxed,integrated; user reviewed
assets/pigs/skins/skin-mint/pet.png,skins,skin-mint,pet,integrated; user reviewed
assets/pigs/skins/skin-detective/pet.png,skins,skin-detective,pet,integrated; user reviewed
assets/pigs/skins/skin-detective/relaxed.png,skins,skin-detective,relaxed,integrated; user reviewed
assets/pigs/forms/pig-round/bathe.png,forms,pig-round,bathe,integrated; user reviewed
assets/pigs/forms/pig-fat/bathe.png,forms,pig-fat,bathe,integrated; user reviewed
assets/pigs/base/piglet/bathe.png,base,piglet,bathe,integrated; user reviewed
assets/pigs/skins/career-chef/bathe.png,skins,career-chef,bathe,integrated; user reviewed
assets/pigs/skins/skin-pirate/bathe.png,skins,skin-pirate,bathe,integrated; user reviewed
assets/pigs/skins/skin-wizard/bathe.png,skins,skin-wizard,bathe,integrated; user reviewed
assets/pigs/skins/skin-detective/bathe.png,skins,skin-detective,bathe,integrated; user reviewed
assets/pigs/forms/pig-king/bathe.png,forms,pig-king,bathe,integrated; user reviewed
assets/pigs/skins/skin-mint/bathe.png,skins,skin-mint,bathe,integrated; user reviewed
assets/pigs/skins/career-astronaut/bathe.png,skins,career-astronaut,bathe,integrated; user reviewed
assets/pigs/forms/pig-devil/bathe.png,forms,pig-devil,bathe,integrated; user reviewed
assets/pigs/skins/skin-angel/bathe.png,skins,skin-angel,bathe,integrated; user reviewed
assets/pigs/skins/career-chef/study.png,skins,career-chef,study,integrated; user reviewed
assets/pigs/skins/career-chef/trip.png,skins,career-chef,trip,integrated; user reviewed
assets/pigs/skins/skin-pirate/work.png,skins,skin-pirate,work,integrated; user reviewed
assets/pigs/skins/skin-pirate/study.png,skins,skin-pirate,study,integrated; user reviewed
assets/pigs/skins/skin-pirate/trip.png,skins,skin-pirate,trip,integrated; user reviewed
assets/pigs/skins/skin-wizard/work.png,skins,skin-wizard,work,integrated; user reviewed
assets/pigs/skins/skin-wizard/study.png,skins,skin-wizard,study,integrated; user reviewed
assets/pigs/skins/skin-wizard/trip.png,skins,skin-wizard,trip,integrated; user reviewed
assets/pigs/skins/career-astronaut/work.png,skins,career-astronaut,work,integrated; user reviewed
assets/pigs/skins/career-astronaut/study.png,skins,career-astronaut,study,integrated; user reviewed
assets/pigs/skins/career-astronaut/trip.png,skins,career-astronaut,trip,integrated; user reviewed
assets/pigs/skins/career-chef/work.png,skins,career-chef,work,integrated; user reviewed
assets/pigs/forms/pig-round/work.png,forms,pig-round,work,integrated; user reviewed
assets/pigs/forms/pig-round/study.png,forms,pig-round,study,integrated; user reviewed
assets/pigs/forms/pig-round/trip.png,forms,pig-round,trip,integrated; user reviewed
assets/pigs/forms/pig-fat/work.png,forms,pig-fat,work,integrated; latest fat work awaiting review
assets/pigs/forms/pig-fat/study.png,forms,pig-fat,study,integrated; user reviewed
assets/pigs/forms/pig-fat/trip.png,forms,pig-fat,trip,integrated; user reviewed
assets/pigs/forms/pig-king/work.png,forms,pig-king,work,integrated; user reviewed
assets/pigs/forms/pig-king/study.png,forms,pig-king,study,integrated; user reviewed
assets/pigs/forms/pig-king/trip.png,forms,pig-king,trip,integrated; user reviewed
assets/pigs/forms/pig-devil/work.png,forms,pig-devil,work,integrated; user reviewed
assets/pigs/forms/pig-devil/study.png,forms,pig-devil,study,integrated; user reviewed
assets/pigs/forms/pig-devil/trip.png,forms,pig-devil,trip,integrated; user reviewed
assets/pigs/skins/skin-angel/work.png,skins,skin-angel,work,integrated; user reviewed
assets/pigs/skins/skin-angel/study.png,skins,skin-angel,study,integrated; user reviewed
assets/pigs/skins/skin-angel/trip.png,skins,skin-angel,trip,integrated; user reviewed
assets/pigs/skins/skin-detective/work.png,skins,skin-detective,work,integrated; user reviewed
assets/pigs/skins/skin-detective/study.png,skins,skin-detective,study,integrated; user reviewed
assets/pigs/skins/skin-detective/trip.png,skins,skin-detective,trip,integrated; user reviewed
assets/pigs/base/elder/idle.png,base,elder,idle,integrated; user reviewed
assets/pigs/forms/pig-devil/fly.png,forms,pig-devil,fly,integrated; user reviewed
assets/pigs/base/piglet/work.png,base,piglet,work,integrated; user reviewed
assets/pigs/feedback/allergy.png,feedback,allergy,scene,integrated; user reviewed
assets/pigs/feedback/birthday.png,feedback,birthday,scene,integrated; user reviewed
assets/pigs/feedback/collection-badge.png,feedback,collection-badge,scene,integrated; user reviewed
assets/pigs/feedback/collection-bubbles.png,feedback,collection-bubbles,scene,integrated; user reviewed
assets/pigs/feedback/collection-cage.png,feedback,collection-cage,scene,integrated; user reviewed
assets/pigs/skins/skin-mint/work.png,skins,skin-mint,work,integrated; user reviewed
assets/pigs/badges/badge-pig-blindbox-first.png,badges,badge-pig-blindbox-first,badge,integrated; user reviewed
assets/pigs/badges/badge-pig-blindbox-six.png,badges,badge-pig-blindbox-six,badge,integrated; user reviewed
assets/pigs/badges/badge-pig-blindbox-ten.png,badges,badge-pig-blindbox-ten,badge,integrated; user reviewed
assets/pigs/badges/badge-pig-clean-ten.png,badges,badge-pig-clean-ten,badge,integrated; user reviewed
assets/pigs/badges/badge-pig-devil.png,badges,badge-pig-devil,badge,integrated; user reviewed
assets/pigs/badges/badge-pig-farm-first.png,badges,badge-pig-farm-first,badge,integrated; user reviewed
assets/pigs/badges/badge-pig-farm-five.png,badges,badge-pig-farm-five,badge,integrated; user reviewed
assets/pigs/badges/badge-pig-farm-ten.png,badges,badge-pig-farm-ten,badge,integrated; user reviewed
assets/pigs/badges/badge-pig-first-class.png,badges,badge-pig-first-class,badge,integrated; user reviewed
assets/pigs/badges/badge-pig-first-fish.png,badges,badge-pig-first-fish,badge,integrated; user reviewed
assets/pigs/badges/badge-pig-first-job.png,badges,badge-pig-first-job,badge,integrated; user reviewed
assets/pigs/badges/badge-pig-first-meal.png,badges,badge-pig-first-meal,badge,integrated; user reviewed
assets/pigs/badges/badge-pig-first-trip.png,badges,badge-pig-first-trip,badge,integrated; user reviewed
assets/pigs/badges/badge-pig-fish-five.png,badges,badge-pig-fish-five,badge,integrated; user reviewed
assets/pigs/badges/badge-pig-gacha-first.png,badges,badge-pig-gacha-first,badge,integrated; user reviewed
assets/pigs/badges/badge-pig-gacha-gold.png,badges,badge-pig-gacha-gold,badge,integrated; user reviewed
assets/pigs/badges/badge-pig-gacha-machines.png,badges,badge-pig-gacha-machines,badge,integrated; user reviewed
assets/pigs/badges/badge-pig-grown-up.png,badges,badge-pig-grown-up,badge,integrated; user reviewed
assets/pigs/badges/badge-pig-jobs-ten.png,badges,badge-pig-jobs-ten,badge,integrated; user reviewed
assets/pigs/badges/badge-pig-king.png,badges,badge-pig-king,badge,integrated; user reviewed
assets/pigs/badges/badge-pig-mine-deep.png,badges,badge-pig-mine-deep,badge,integrated; user reviewed
assets/pigs/badges/badge-pig-mine-first.png,badges,badge-pig-mine-first,badge,integrated; user reviewed
assets/pigs/badges/badge-pig-mine-fossils.png,badges,badge-pig-mine-fossils,badge,integrated; user reviewed
assets/pigs/badges/badge-pig-pet-hundred.png,badges,badge-pig-pet-hundred,badge,integrated; user reviewed
assets/pigs/badges/badge-pig-play-twenty.png,badges,badge-pig-play-twenty,badge,integrated; user reviewed
assets/pigs/badges/badge-pig-souvenirs-three.png,badges,badge-pig-souvenirs-three,badge,integrated; user reviewed
assets/pigs/badges/badge-pig-trips-ten.png,badges,badge-pig-trips-ten,badge,integrated; user reviewed
assets/pigs/feedback/collection-check.png,feedback,collection-check,scene,integrated; user reviewed
assets/pigs/feedback/collection-chicken.png,feedback,collection-chicken,scene,integrated; user reviewed
assets/pigs/feedback/collection-courier.png,feedback,collection-courier,scene,integrated; user reviewed
assets/pigs/feedback/collection-fever.png,feedback,collection-fever,scene,integrated; user reviewed
assets/pigs/feedback/collection-fitness.png,feedback,collection-fitness,scene,integrated; user reviewed
assets/pigs/feedback/collection-letter.png,feedback,collection-letter,scene,integrated; user reviewed
assets/pigs/feedback/collection-mosquito.png,feedback,collection-mosquito,scene,integrated; user reviewed
assets/pigs/feedback/collection-scallion.png,feedback,collection-scallion,scene,integrated; user reviewed
assets/pigs/feedback/collection-snack.png,feedback,collection-snack,scene,integrated; user reviewed
assets/pigs/feedback/collection-soup.png,feedback,collection-soup,scene,integrated; user reviewed
assets/pigs/feedback/collection-stack.png,feedback,collection-stack,scene,integrated; user reviewed
assets/pigs/feedback/collection-taro.png,feedback,collection-taro,scene,integrated; user reviewed
assets/pigs/feedback/collection-throne.png,feedback,collection-throne,scene,integrated; user reviewed
assets/pigs/feedback/courier.png,feedback,courier,scene,integrated; user reviewed
assets/pigs/feedback/faint.png,feedback,faint,scene,integrated; user reviewed
assets/pigs/feedback/fishing.png,feedback,fishing,scene,integrated; user reviewed
assets/pigs/feedback/ghost-grave.png,feedback,ghost-grave,scene,integrated; user reviewed
assets/pigs/feedback/hungry.png,feedback,hungry,scene,integrated; user reviewed
assets/pigs/feedback/lie-flat.png,feedback,lie-flat,scene,integrated; user reviewed
assets/pigs/feedback/music-earbuds.png,feedback,music-earbuds,scene,integrated; user reviewed
assets/pigs/feedback/music-headphones-v2.png,feedback,music-headphones-v2,scene,integrated; user reviewed
assets/pigs/feedback/music-rainbow.png,feedback,music-rainbow,scene,integrated; user reviewed
assets/pigs/feedback/painting.png,feedback,painting,scene,integrated; user reviewed
assets/pigs/feedback/recruit.png,feedback,recruit,scene,integrated; user reviewed
assets/pigs/feedback/runny-nose.png,feedback,runny-nose,scene,integrated; user reviewed
assets/pigs/feedback/sleep-cloud.png,feedback,sleep-cloud,scene,integrated; user reviewed
assets/pigs/feedback/study-book.png,feedback,study-book,scene,integrated; user reviewed
assets/pigs/feedback/study-determined.png,feedback,study-determined,scene,integrated; user reviewed
assets/pigs/feedback/study-pink-book.png,feedback,study-pink-book,scene,integrated; user reviewed
assets/pigs/feedback/suspended.png,feedback,suspended,scene,integrated; user reviewed
assets/pigs/feedback/turning.png,feedback,turning,scene,integrated; user reviewed
assets/pigs/feedback/twitch.png,feedback,twitch,scene,integrated; user reviewed
assets/pigs/badges/badge-pig-jobs-hundred.png,badges,badge-pig-jobs-hundred,badge,integrated; user reviewed
assets/pigs/feedback/death-day.png,feedback,death-day,scene,integrated; user reviewed
